{"cameraMode":{"drawMode":0,"name":"Shaded","section":"Shading Mode"},"sceneLighting":false,"audioPlay":false,"sceneViewState":{"m_AlwaysRefresh":false,"showFog":true,"showSkybox":false,"showFlares":true,"showImageEffects":true,"showParticleSystems":true,"showVisualEffectGraphs":true,"m_FxEnabled":true},"in2DMode":false,"pivot":{"x":-0.1593654602766037,"y":-0.4434645175933838,"z":-1.1707203388214112},"rotation":{"x":0.0018067114287987352,"y":-0.9726164937019348,"z":0.2321571409702301,"w":0.007577673532068729},"size":2.383446216583252,"orthographic":false}